image,urban,board_games,water/snow,people,landscape,blurry,high_angle,light,symmetry,leading_lines,predicted_class
Alex-Image01,1,0,0,1,0,1,1,1,0,0,Alex
Alex-Image02,1,0,0,1,0,1,1,1,1,1,Kelly
Alex-Image03,1,0,0,0,0,0,1,0,0,0,Alex
Alex-Image04,1,0,1,0,0,1,0,1,0,1,Alex
Alex-Image05,1,0,1,0,0,0,0,1,0,0,Alex
Alex-Image06,0,0,0,0,1,0,0,1,0,0,Alex
Alex-Image07,0,0,0,0,1,0,0,0,0,0,Alex
Alex-Image08,0,0,0,0,1,0,1,1,0,0,Alex
Alex-Image09,0,0,0,0,1,0,1,1,0,0,Alex
Alex-Image10,0,0,0,0,1,0,0,1,1,0,Alex
Alex-Image11,0,0,0,0,1,0,0,1,0,0,Alex
Alex-Image12,0,0,1,0,1,1,0,0,1,0,Alex
Alex-Image13,0,0,0,0,1,0,0,1,0,0,Alex
Alex-Image14,0,0,0,0,1,0,1,1,0,0,Alex
Alex-Image15,0,0,0,0,1,0,0,1,0,0,Kelly
Alex-Image16,1,0,0,0,0,0,1,1,1,1,Alex
Alex-Image17,1,0,0,0,0,0,1,0,0,0,Alex
Alex-Image18,0,0,0,0,1,0,0,1,0,0,Alex
Alex-Image19,0,0,1,0,1,0,1,1,0,0,Alex
Alex-Image20,0,0,0,0,1,0,0,1,0,1,Alex
Alex-Image21,0,0,0,0,1,0,0,1,0,1,Alex
Alex-Image22,0,0,0,0,1,0,0,1,0,1,Alex
Alex-Image23,1,0,0,0,1,0,0,1,0,0,Alex
Alex-Image24,0,0,0,0,1,0,0,1,0,0,Alex
Alex-Image25,0,0,0,0,1,0,1,1,0,0,Alex
Alex-Image26,0,0,0,0,1,1,1,1,0,0,Alex
Alex-Image27,0,0,0,0,1,1,1,1,0,0,Alex
Alex-Image28,0,0,0,0,0,0,1,1,0,0,Alex
Alex-Image29,1,0,0,0,1,0,0,1,0,1,Alex
Alex-Image30,0,0,0,0,0,0,1,0,0,0,Kelly
Alex-Image31,0,0,0,0,0,0,1,1,0,0,Alex
Alex-Image32,1,0,0,1,0,0,0,0,1,1,Alex
Alex-Image33,1,0,0,0,0,0,0,1,1,1,Alex
Alex-Image34,1,0,1,0,0,0,0,1,1,0,Alex
Alex-Image35,1,0,1,0,0,0,0,0,0,0,Alex
Alex-Image36,0,0,0,0,0,0,0,0,0,0,Alex
Alex-Image37,0,0,0,0,1,0,0,1,0,0,Alex
Alex-Image38,0,0,0,0,1,0,0,1,1,0,Alex
Alex-Image39,0,0,0,0,1,0,0,1,0,0,Alex
Alex-Image40,1,0,0,0,0,0,0,0,0,0,Alex
Alex-Image41,1,0,0,0,0,0,0,0,1,0,Alex
Alex-Image42,1,0,0,0,0,0,1,0,0,0,Alex
Alex-Image43,1,0,0,1,0,0,1,1,0,0,Alex
Alex-Image44,1,0,0,0,0,0,1,0,0,0,Alex
Alex-Image45,1,0,0,0,0,0,0,0,0,0,Alex
Alex-Image46,1,0,0,0,0,0,0,1,0,0,Alex
Alex-Image47,0,0,0,1,0,0,1,0,0,0,Alex
Alex-Image48,0,0,0,1,0,1,0,0,0,0,Alex
Alex-Image49,0,0,0,1,0,0,1,0,1,0,Kelly
Alex-Image50,0,0,0,1,0,0,0,1,0,0,Alex
Alex-Image51,0,0,0,1,0,1,0,0,0,1,Alex
Alex-Image52,1,0,1,0,0,0,0,0,0,0,Alex
Alex-Image53,0,0,0,0,0,0,0,0,0,0,Alex
Alex-Image54,0,0,0,0,0,0,0,1,1,0,Alex
Alex-Image55,0,0,0,0,0,0,1,0,0,0,Alex
Alex-Image56,0,0,0,1,0,0,0,0,0,0,Alex
Alex-Image57,0,0,0,0,0,0,0,1,0,0,Alex
Alex-Image58,0,0,0,1,0,0,0,0,0,0,Kelly
Alex-Image59,0,0,0,0,1,0,0,1,0,1,Alex
Alex-Image60,0,0,1,0,1,0,1,1,0,0,Alex
Alex-Image61,0,0,0,0,0,0,0,0,0,0,Alex
Alex-Image62,0,0,0,0,0,0,1,0,0,0,Alex
Alex-Image63,0,0,0,0,0,0,1,0,0,0,Alex
Alex-Image64,0,0,0,0,0,0,1,0,0,0,Alex
Alex-Image65,0,0,0,1,0,0,0,0,1,0,Alex
Alex-Image66,1,0,0,0,0,0,0,1,0,0,Alex
Alex-Image67,1,0,0,0,0,0,0,1,0,0,Alex
Alex-Image68,0,0,0,1,0,1,0,0,0,0,Alex
Alex-Image69,0,0,0,1,0,1,0,0,0,0,Kelly
Alex-Image70,0,0,0,1,0,1,1,0,0,0,Alex
Alex-Image71,0,0,1,0,0,0,0,0,0,0,Alex
Alex-Image72,0,0,1,0,0,0,0,1,0,0,Alex
Alex-Image73,0,0,1,0,0,0,0,1,0,1,Alex
Alex-Image74,0,0,1,0,1,0,0,1,0,0,Kelly
Alex-Image75,0,0,0,0,1,0,0,0,0,0,Alex
Alex-Image76,0,0,0,1,0,0,0,0,0,0,Alex
Alex-Image77,0,0,1,0,1,0,0,0,0,1,Kelly
Alex-Image78,0,0,0,1,0,0,1,0,0,0,Alex
Alex-Image79,0,0,0,1,0,0,1,0,0,0,Alex
Alex-Image80,0,0,0,0,1,1,1,0,0,0,Alex
Alex-Image81,0,0,0,0,1,0,1,0,0,0,Alex
Alex-Image82,0,0,0,0,1,1,1,0,0,0,Alex
Alex-Image83,0,0,0,0,1,1,1,1,0,0,Alex
Alex-Image84,0,0,0,0,1,1,1,1,0,0,Alex
Alex-Image85,0,0,0,0,1,0,1,1,0,0,Alex
Alex-Image86,0,0,0,0,1,0,1,1,0,0,Alex
Alex-Image87,0,0,0,0,1,0,1,1,0,0,Alex
Alex-Image88,0,0,0,0,1,0,0,1,0,0,Alex
Alex-Image89,0,0,0,0,1,0,0,1,0,0,Alex
Alex-Image90,0,0,0,0,1,0,0,1,0,0,Alex
Alex-Image91,1,0,0,0,0,0,0,1,0,1,Alex
Alex-Image92,1,0,0,0,0,0,0,1,1,0,Alex
Alex-Image93,1,0,0,0,0,0,1,1,0,0,Alex
Alex-Image94,0,0,0,1,1,0,1,1,0,0,Alex
Alex-Image95,0,0,0,1,0,0,0,0,0,0,Alex
Alex-Image96,0,0,0,0,1,0,0,0,0,1,Alex
Alex-Image97,0,0,0,0,1,0,0,0,0,0,Alex
Alex-Image98,1,0,0,0,0,0,0,1,0,1,Alex
Alex-Image99,1,0,0,0,0,0,0,1,0,0,Kelly
Alex-Image100,1,0,0,0,0,0,0,1,0,1,Alex
Alex-Image101,1,0,0,0,0,0,0,1,0,0,Alex
Alex-Image102,0,0,0,0,1,0,0,0,0,0,Alex
Alex-Image103,1,0,0,0,0,1,0,1,0,0,Alex
Alex-Image104,0,0,0,0,1,0,0,0,1,0,Alex
Alex-Image105,0,0,0,1,1,0,0,0,0,0,Alex
Alex-Image106,1,0,0,0,0,0,0,0,0,0,Alex
Alex-Image107,0,0,0,1,1,0,0,0,1,1,Alex
Alex-Image108,0,0,0,0,1,0,0,1,0,0,Kelly
Alex-Image109,0,0,0,0,1,0,0,0,0,0,Alex
Alex-Image110,0,0,0,0,1,0,0,0,0,0,Alex
Alex-Image111,0,0,0,1,1,0,1,1,0,0,Alex
Alex-Image112,1,0,0,0,0,0,1,1,0,0,Kelly
Alex-Image113,1,0,0,0,0,0,1,1,0,0,Alex
Alex-Image114,1,0,0,0,0,0,0,1,0,1,Alex
Alex-Image115,0,0,0,0,1,0,0,0,0,1,Alex
Alex-Image116,1,0,0,0,0,0,0,1,0,1,Alex
Alex-Image117,1,0,0,0,0,0,0,0,0,1,Alex
Alex-Image118,1,0,0,0,0,0,0,1,0,0,Alex
Alex-Image119,0,0,0,0,1,1,0,0,0,0,Alex
Alex-Image120,1,0,0,0,0,1,0,0,0,1,Kelly
Alex-Image121,1,0,0,0,0,1,1,0,0,0,Alex
Alex-Image122,0,0,0,0,1,0,0,0,0,1,Alex
Alex-Image123,0,0,0,0,1,0,0,1,0,0,Alex
Alex-Image124,1,0,0,0,0,0,0,0,1,0,Alex
Alex-Image125,1,0,0,0,0,0,1,1,0,0,Alex
Alex-Image126,1,0,0,0,0,0,1,0,0,0,Alex
Alex-Image127,1,0,0,0,0,1,0,1,0,0,Kelly
Alex-Image128,1,0,0,0,0,0,0,0,0,0,Alex
Alex-Image129,0,0,0,0,1,0,0,0,0,1,Alex
Alex-Image130,0,0,0,0,1,0,0,0,0,1,Alex
Alex-Image131,1,0,0,0,0,0,0,0,0,1,Alex
Alex-Image132,1,0,0,0,0,0,0,0,0,1,Alex
Alex-Image133,1,0,0,0,0,0,0,1,1,0,Alex
Alex-Image134,1,0,0,0,0,0,0,1,0,0,Alex
Alex-Image135,0,0,1,0,0,0,0,0,0,0,Alex
Alex-Image136,1,0,0,0,0,0,0,0,0,1,Alex
Alex-Image137,1,0,0,0,0,0,0,0,0,1,Alex
Alex-Image138,0,0,0,0,1,0,1,1,0,0,Alex
Alex-Image139,1,0,0,0,0,0,0,0,0,0,Alex
Alex-Image140,1,0,0,0,0,0,0,0,0,0,Alex
Alex-Image141,1,0,0,0,0,0,0,1,0,0,Alex
Alex-Image142,1,0,1,0,0,0,0,1,0,1,Alex
Alex-Image143,1,0,0,0,0,0,0,0,0,1,Alex
Alex-Image144,1,0,0,0,0,0,0,1,0,1,Alex
Alex-Image145,1,0,0,0,0,0,0,0,0,1,Alex
Alex-Image146,1,0,0,0,0,0,0,1,0,1,Alex
Alex-Image147,1,0,0,0,0,0,0,0,1,0,Alex
Alex-Image148,1,0,0,0,0,0,0,0,0,1,Alex
Alex-Image149,1,0,0,0,0,0,0,1,0,1,Alex
Alex-Image150,1,0,0,0,0,0,0,1,0,1,Alex
Alex-Image151,1,0,0,0,0,0,0,1,0,1,Alex
Alex-Image152,1,0,0,0,0,0,1,1,0,0,Alex
Alex-Image153,1,0,0,0,0,0,1,1,0,0,Alex
Alex-Image154,0,0,0,0,1,0,0,1,0,0,Alex
Alex-Image155,1,0,0,0,0,0,0,1,1,0,Alex
Alex-Image156,0,0,0,0,1,0,1,1,0,0,Alex
Alex-Image157,0,0,0,0,1,0,0,1,0,0,Alex
Alex-Image158,0,0,0,0,1,0,0,0,0,0,Alex
Alex-Image159,0,0,0,0,1,0,0,0,1,1,Alex
Alex-Image160,0,0,0,0,1,0,0,1,0,0,Alex
Alex-Image161,0,0,0,0,1,0,0,1,0,0,Alex
Alex-Image162,1,0,0,0,0,0,0,0,0,0,Alex
Alex-Image163,0,0,0,0,1,1,0,0,0,0,Alex
Alex-Image164,1,0,0,0,0,0,0,1,0,0,Alex
Alex-Image165,1,0,0,0,0,0,1,0,0,1,Alex
Alex-Image166,0,0,1,0,1,0,0,1,0,1,Alex
Alex-Image167,0,0,1,0,1,0,0,1,0,1,Kelly
Alex-Image168,1,0,0,0,0,0,0,1,0,1,Alex
Alex-Image169,1,0,1,0,0,0,0,1,1,0,Alex
Alex-Image170,0,0,1,0,1,0,0,1,0,0,Alex
Alex-Image171,1,0,0,0,0,0,0,1,0,0,Alex
Alex-Image172,1,0,0,0,0,0,0,1,0,1,Alex
Alex-Image173,0,0,1,0,1,0,0,0,0,0,Alex
Alex-Image174,1,0,0,0,0,0,0,1,0,1,Alex
Alex-Image175,1,0,0,0,0,0,0,1,0,1,Alex
Alex-Image176,1,0,0,0,0,0,0,0,0,0,Alex
Alex-Image177,1,0,0,0,0,0,0,1,0,1,Alex
Alex-Image178,1,0,0,1,0,0,1,1,0,0,Alex
Alex-Image179,0,0,0,0,1,0,0,1,0,0,Alex
Alex-Image180,1,0,0,0,0,0,0,0,0,1,Alex
Alex-Image181,1,0,0,0,0,0,1,0,0,0,Alex
Alex-Image182,1,0,0,0,0,0,0,1,1,0,Alex
Alex-Image183,0,0,0,0,1,0,0,1,0,0,Alex
Alex-Image184,0,0,0,0,1,0,0,1,0,0,Alex
Alex-Image185,1,0,0,0,0,0,0,1,0,1,Alex
Alex-Image186,1,0,0,0,0,0,0,1,0,1,Alex
Alex-Image187,0,0,0,0,1,0,1,0,0,0,Alex
Alex-Image188,0,0,0,0,1,0,0,0,1,1,Alex
Alex-Image189,1,0,0,0,0,0,0,1,0,0,Alex
Alex-Image190,1,0,0,0,0,0,0,1,0,0,Alex
Alex-Image191,1,0,0,0,0,0,0,1,0,1,Alex
Alex-Image192,1,0,0,0,0,0,0,0,0,1,Alex
Alex-Image193,1,0,0,0,0,0,0,0,0,1,Alex
Alex-Image194,1,0,0,0,0,0,0,0,1,0,Alex
Alex-Image195,1,0,0,0,0,0,0,1,1,1,Alex
Alex-Image196,0,0,0,0,1,0,0,1,1,1,Alex
Alex-Image197,0,0,0,0,1,0,0,1,0,0,Alex
Alex-Image198,0,0,0,0,1,0,0,1,0,0,Alex
Alex-Image199,1,0,0,0,0,0,0,0,0,1,Alex
Alex-Image200,0,0,0,0,1,0,0,0,0,0,Alex
Alex-Image201,0,0,0,0,1,0,0,1,0,0,Alex
Alex-Image202,0,0,1,0,1,0,0,0,0,0,Alex
Alex-Image203,1,0,0,0,0,0,0,0,0,1,Alex
Alex-Image204,1,0,0,0,0,0,0,1,0,0,Alex
Alex-Image205,1,0,0,0,0,0,0,0,0,0,Alex
Alex-Image206,0,0,0,0,1,0,0,1,0,0,Alex
Alex-Image207,0,0,0,0,1,0,0,0,0,1,Alex
Alex-Image208,0,0,1,0,1,0,1,1,0,0,Alex
Alex-Image209,0,0,0,0,1,0,0,1,0,0,Alex
Alex-Image210,1,0,0,0,0,0,0,0,1,0,Alex
Alex-Image211,1,0,0,0,0,0,0,0,0,1,Alex
Alex-Image212,1,0,0,0,0,0,0,0,0,1,Alex
Alex-Image213,1,0,1,0,0,0,0,0,1,0,Alex
Alex-Image214,1,0,0,0,0,0,0,1,0,0,Alex
Alex-Image215,0,0,0,0,1,0,0,1,0,0,Alex
Alex-Image216,1,0,0,0,0,0,0,0,0,0,Alex
Alex-Image217,1,0,0,0,0,0,0,1,0,0,Alex
Alex-Image218,0,0,0,0,0,0,0,0,0,0,Alex
Alex-Image219,0,0,1,0,1,0,1,1,0,0,Kelly
Alex-Image220,1,0,0,0,0,0,0,1,0,1,Kelly
Alex-Image221,1,0,0,0,0,0,1,1,0,0,Alex
Alex-Image222,0,0,0,0,0,0,1,0,0,0,Alex
Alex-Image223,1,0,0,0,0,0,0,0,1,1,Alex
Alex-Image224,0,0,0,1,0,1,0,1,0,0,Kelly
Alex-Image225,0,0,0,0,1,0,0,1,0,0,Alex
Alex-Image226,0,0,0,0,1,0,0,1,0,0,Alex
Alex-Image227,0,0,0,0,1,0,0,0,0,0,Kelly
Alex-Image228,1,0,0,0,0,0,0,1,0,0,Alex
Alex-Image229,0,0,0,0,1,0,0,1,0,0,Alex
Alex-Image230,1,0,0,0,0,0,0,1,1,0,Alex
Alex-Image231,1,0,0,0,0,0,0,1,0,1,Alex
Alex-Image232,1,0,0,0,0,0,0,1,0,1,Alex
Alex-Image233,1,0,0,0,0,0,0,0,0,0,Alex
Alex-Image234,1,0,0,0,0,0,0,1,0,1,Alex
Alex-Image235,1,0,0,0,0,0,0,1,0,1,Alex
Alex-Image236,1,0,0,0,0,0,0,0,0,1,Alex
Alex-Image237,1,0,0,0,0,0,0,1,0,0,Alex
Alex-Image238,0,0,0,0,1,0,0,0,0,0,Alex
Alex-Image239,0,0,1,0,1,0,0,1,0,0,Alex
Alex-Image240,1,0,0,0,0,0,1,1,0,0,Alex
Alex-Image241,1,0,0,0,0,0,1,1,0,0,Alex
Alex-Image242,1,0,0,0,0,0,0,0,0,0,Alex
Alex-Image243,1,0,0,0,0,0,0,1,0,1,Alex
Alex-Image244,1,0,0,0,0,0,0,0,0,0,Alex
Alex-Image245,0,0,0,0,1,0,0,1,0,1,Alex
Alex-Image246,0,0,0,0,1,0,0,0,0,0,Alex
Alex-Image247,1,0,0,0,0,0,0,1,1,0,Alex
Alex-Image248,0,0,1,0,1,0,0,1,0,0,Alex
Alex-Image249,1,0,0,0,0,0,0,0,0,0,Alex
Alex-Image250,0,0,0,0,1,0,0,1,0,0,Alex
Alex-Image251,0,0,1,0,0,0,0,1,0,1,Alex
Alex-Image252,0,0,0,0,1,0,0,1,1,0,Alex
Alex-Image253,0,0,0,0,1,0,0,0,0,0,Alex
Alex-Image254,0,0,0,0,1,0,0,0,0,0,Alex
Alex-Image255,0,0,1,0,0,0,1,0,0,0,Alex
Alex-Image256,1,0,0,0,0,0,0,0,0,1,Alex
Kelly-Image01,0,0,0,0,0,0,1,1,1,0,Kelly
Kelly-Image02,0,0,0,1,1,0,0,1,0,1,Kelly
Kelly-Image03,0,0,1,0,1,0,1,1,0,0,Kelly
Kelly-Image04,0,0,0,0,1,0,0,0,1,0,Alex
Kelly-Image05,0,0,1,0,1,0,1,1,0,0,Kelly
Kelly-Image06,0,0,0,1,0,0,1,0,0,0,Kelly
Kelly-Image07,0,0,1,0,1,0,0,1,0,1,Kelly
Kelly-Image08,0,0,1,0,1,0,0,1,0,0,Kelly
Kelly-Image09,0,0,0,0,1,0,1,1,0,0,Kelly
Kelly-Image10,0,0,0,0,1,0,0,0,0,0,Kelly
Kelly-Image11,0,0,0,0,1,0,0,0,0,1,Kelly
Kelly-Image12,0,0,0,1,0,0,0,1,0,0,Kelly
Kelly-Image13,0,0,0,1,1,0,0,1,1,0,Kelly
Kelly-Image14,0,0,0,0,1,0,0,1,0,0,Kelly
Kelly-Image15,0,0,0,1,0,0,0,1,0,0,Kelly
Kelly-Image16,0,0,1,0,1,0,1,1,0,0,Alex
Kelly-Image17,0,0,0,1,0,0,0,0,0,0,Kelly
Kelly-Image18,0,0,0,1,0,0,0,1,1,0,Kelly
Kelly-Image19,1,0,0,0,0,0,0,1,0,0,Kelly
Kelly-Image20,0,0,0,1,1,0,0,1,0,0,Kelly
Kelly-Image21,0,0,0,0,1,0,0,1,0,1,Kelly
Kelly-Image22,1,0,0,0,0,0,0,0,1,0,Kelly
Kelly-Image23,0,0,1,0,1,0,0,1,0,0,Kelly
Kelly-Image24,1,0,0,0,0,0,0,1,0,0,Alex
Kelly-Image25,0,1,0,0,0,0,1,0,0,0,Kelly
Kelly-Image26,0,0,0,0,0,0,1,0,0,0,Kelly
Kelly-Image27,0,0,0,0,1,0,0,1,0,0,Kelly
Kelly-Image28,0,1,0,0,0,0,1,1,0,0,Kelly
Kelly-Image29,0,0,0,0,0,0,1,0,1,0,Kelly
Kelly-Image30,0,0,0,0,0,0,0,1,0,0,Kelly
Kelly-Image31,0,0,0,1,0,0,0,1,0,0,Kelly
Kelly-Image32,0,0,0,1,0,0,0,1,0,0,Kelly
Kelly-Image33,0,0,0,1,0,0,0,0,0,0,Alex
Kelly-Image34,0,0,0,0,1,0,0,0,0,0,Kelly
Kelly-Image35,0,0,0,0,0,0,0,1,1,0,Kelly
Kelly-Image36,0,0,1,0,0,0,0,1,0,0,Kelly
Kelly-Image37,0,0,1,0,1,0,0,0,1,1,Kelly
Kelly-Image38,0,0,0,0,0,0,0,0,1,0,Kelly
Kelly-Image39,0,1,0,0,0,0,1,0,0,0,Kelly
Kelly-Image40,0,0,0,1,0,0,0,1,0,0,Kelly
Kelly-Image41,0,0,1,0,1,0,0,1,0,0,Kelly
Kelly-Image42,0,0,1,0,1,0,1,1,0,0,Kelly
Kelly-Image43,0,0,0,1,0,0,0,1,0,0,Kelly
Kelly-Image44,0,0,1,0,1,0,1,1,1,0,Kelly
Kelly-Image45,0,0,0,0,0,0,1,0,0,0,Kelly
Kelly-Image46,0,0,1,0,1,0,0,1,0,0,Kelly
Kelly-Image47,0,0,0,1,0,0,1,1,0,0,Kelly
Kelly-Image48,0,0,0,0,1,0,0,1,1,0,Alex
Kelly-Image49,0,0,1,0,1,0,0,1,0,0,Kelly
Kelly-Image50,0,1,0,0,0,0,1,0,0,0,Kelly
Kelly-Image51,0,0,0,0,1,0,0,1,0,0,Kelly
Kelly-Image52,0,0,0,1,0,0,0,0,0,0,Kelly
Kelly-Image53,0,0,0,0,0,0,1,0,0,0,Kelly
Kelly-Image54,0,0,0,1,0,0,0,0,1,0,Kelly
Kelly-Image55,0,0,0,0,1,0,0,1,0,0,Kelly
Kelly-Image56,0,0,0,1,0,0,0,1,0,0,Kelly
Kelly-Image57,0,0,0,0,0,0,0,0,0,0,Kelly
Kelly-Image58,0,0,0,1,0,0,0,1,0,0,Kelly
Kelly-Image59,0,0,1,0,1,0,0,1,0,0,Kelly
Kelly-Image60,1,0,0,0,0,0,0,1,0,0,Alex
Kelly-Image61,0,0,1,0,1,0,0,1,1,0,Kelly
Kelly-Image62,0,1,0,0,0,0,1,0,0,0,Kelly
Kelly-Image63,1,0,1,0,0,0,0,1,0,0,Kelly
Kelly-Image64,0,1,0,0,0,0,1,0,0,0,Kelly
Kelly-Image65,0,0,1,1,1,0,0,0,0,0,Kelly
Kelly-Image66,0,0,0,1,0,0,0,1,0,0,Kelly
Kelly-Image67,0,0,0,0,0,0,0,0,1,0,Kelly
Kelly-Image68,0,0,0,0,0,0,0,0,0,1,Kelly
Kelly-Image69,0,0,1,0,0,0,0,0,0,0,Alex
Kelly-Image70,0,0,1,0,1,0,0,1,0,0,Kelly
Kelly-Image71,0,1,0,0,0,0,1,0,0,0,Kelly
Kelly-Image72,0,0,0,1,1,0,0,0,0,0,Kelly
Kelly-Image73,0,0,0,1,0,0,0,0,0,0,Kelly
Kelly-Image74,0,0,1,0,1,0,1,1,0,0,Kelly
Kelly-Image75,0,0,1,0,1,0,0,1,0,0,Kelly
Kelly-Image76,0,0,0,0,0,0,0,1,1,0,Kelly
Kelly-Image77,0,0,1,0,1,0,0,1,0,0,Kelly
Kelly-Image78,0,0,0,0,1,0,0,1,0,0,Kelly
Kelly-Image79,0,1,0,0,0,0,1,0,0,0,Kelly
Kelly-Image80,0,0,1,0,1,0,0,1,0,1,Kelly
Kelly-Image81,0,0,0,1,0,0,0,0,0,0,Kelly
Kelly-Image82,0,0,0,1,0,0,0,0,0,0,Kelly
Kelly-Image83,0,0,0,0,0,0,0,1,0,0,Alex
Kelly-Image84,0,1,0,0,0,0,0,0,1,0,Kelly
Kelly-Image85,0,0,0,1,0,0,0,1,0,0,Kelly
Kelly-Image86,0,1,0,1,0,0,0,1,0,0,Kelly
Kelly-Image87,0,0,0,0,0,0,0,0,0,0,Kelly
Kelly-Image88,0,0,0,0,0,0,1,0,0,0,Kelly
Kelly-Image89,0,0,0,0,0,0,0,1,1,0,Kelly
Kelly-Image90,0,0,0,0,0,0,0,0,0,0,Kelly
Kelly-Image91,0,0,0,1,0,0,0,1,1,0,Kelly
Kelly-Image92,0,0,0,1,0,0,0,1,0,0,Kelly
Kelly-Image93,0,0,1,0,1,0,1,1,0,0,Kelly
Kelly-Image94,0,0,0,0,0,0,1,0,0,0,Kelly
Kelly-Image95,0,0,0,1,0,0,0,1,0,0,Kelly
Kelly-Image96,0,0,0,0,0,0,0,1,0,0,Kelly
Kelly-Image97,0,0,0,1,0,0,1,0,1,0,Kelly
Kelly-Image98,0,0,0,0,1,0,0,1,0,0,Kelly
Kelly-Image99,0,0,0,1,0,0,0,1,0,0,Kelly
Kelly-Image100,0,0,0,0,0,0,0,0,0,0,Kelly
Kelly-Image101,0,0,1,0,1,0,0,1,1,0,Kelly
Kelly-Image102,0,0,1,0,1,0,0,0,0,0,Kelly
Kelly-Image103,0,0,1,1,1,0,1,1,0,0,Kelly
Kelly-Image104,0,0,0,1,1,0,0,0,1,0,Kelly
Kelly-Image105,0,0,0,0,1,0,1,1,0,0,Kelly
Kelly-Image106,0,0,1,0,1,0,1,1,0,0,Kelly
Kelly-Image107,0,0,1,1,0,0,1,0,0,0,Kelly
Kelly-Image108,0,0,0,0,1,0,0,0,0,0,Kelly
Kelly-Image109,0,0,0,0,1,0,0,0,0,0,Kelly
Kelly-Image110,0,0,0,1,1,0,0,1,0,0,Kelly
Kelly-Image111,0,0,0,1,1,0,0,1,0,0,Kelly
Kelly-Image112,0,0,0,1,0,0,1,0,0,0,Kelly
Kelly-Image113,0,0,0,0,1,0,0,0,0,1,Kelly
Kelly-Image114,0,0,0,1,0,0,0,1,0,0,Kelly
Kelly-Image115,0,0,0,1,0,0,0,1,0,0,Kelly
Kelly-Image116,0,0,1,0,1,0,0,1,1,0,Kelly
Kelly-Image117,0,0,1,0,1,0,1,0,0,0,Kelly
Kelly-Image118,0,0,0,0,1,0,0,1,0,0,Kelly
Kelly-Image119,0,0,0,0,1,0,0,1,0,0,Kelly
Kelly-Image120,0,0,0,0,1,0,0,1,1,0,Kelly
Kelly-Image121,0,0,1,1,0,0,0,1,0,0,Kelly
Kelly-Image122,0,0,0,0,1,0,1,1,0,0,Kelly
Kelly-Image123,0,0,1,1,0,0,0,1,1,0,Kelly
Kelly-Image124,0,0,0,1,0,0,0,0,0,0,Kelly
Kelly-Image125,0,0,0,0,0,0,1,0,0,1,Kelly
Kelly-Image126,0,1,0,0,0,0,1,0,0,0,Kelly
Kelly-Image127,0,0,0,0,0,0,0,0,0,0,Kelly
Kelly-Image128,0,0,0,0,1,0,0,0,0,0,Kelly
Kelly-Image129,0,0,0,1,0,0,0,0,0,0,Kelly
Kelly-Image130,0,0,0,1,0,0,0,0,0,1,Kelly
Kelly-Image131,0,0,1,0,1,0,0,1,0,0,Kelly
Kelly-Image132,0,0,1,0,1,0,0,0,0,0,Kelly
Kelly-Image133,0,0,0,1,0,0,1,1,0,0,Kelly
Kelly-Image134,0,0,0,0,1,0,0,1,0,1,Kelly
Kelly-Image135,0,0,0,0,1,0,0,1,0,0,Kelly
Kelly-Image136,0,0,0,0,1,0,0,1,0,1,Alex
Kelly-Image137,0,0,0,1,0,0,0,1,0,0,Kelly
Kelly-Image138,0,0,0,1,0,0,0,0,0,0,Kelly
Kelly-Image139,0,0,0,0,0,0,1,1,1,0,Kelly
Kelly-Image140,0,0,0,1,1,0,0,0,0,0,Kelly
Kelly-Image141,0,0,0,1,0,0,0,0,0,0,Kelly
Kelly-Image142,0,0,1,0,1,0,0,1,0,0,Kelly
Kelly-Image143,0,0,1,0,1,0,1,1,0,0,Kelly
Kelly-Image144,0,0,1,0,1,0,0,1,0,0,Kelly
Kelly-Image145,0,0,0,0,0,0,1,0,0,0,Kelly
Kelly-Image146,0,0,0,1,0,0,0,0,0,0,Kelly
Kelly-Image147,0,0,0,0,0,0,0,0,1,0,Kelly
Kelly-Image148,0,0,0,1,0,0,0,1,0,0,Kelly
Kelly-Image149,0,0,1,0,1,0,1,1,1,0,Kelly
Kelly-Image150,0,0,0,0,1,0,0,0,1,0,Alex
Kelly-Image151,0,0,0,1,0,0,0,0,0,0,Kelly
Kelly-Image152,0,0,1,1,1,0,1,1,0,0,Kelly
Kelly-Image153,0,1,0,0,0,0,1,0,0,0,Kelly
Kelly-Image154,0,0,0,1,0,0,1,0,0,0,Kelly
Kelly-Image155,0,1,0,0,0,0,1,0,0,0,Kelly
Kelly-Image156,0,0,0,0,1,0,1,1,0,0,Kelly
Kelly-Image157,0,0,0,0,1,0,0,1,0,0,Kelly
Kelly-Image158,0,0,0,1,0,0,1,0,0,0,Kelly
Kelly-Image159,0,0,0,0,1,0,0,0,0,0,Kelly
Kelly-Image160,0,0,0,0,1,0,0,1,0,0,Kelly
Kelly-Image161,0,0,0,1,0,0,1,1,0,0,Kelly
Kelly-Image162,0,0,0,0,1,0,1,1,0,0,Kelly
Kelly-Image163,0,0,0,0,1,0,0,1,0,1,Kelly
Kelly-Image164,0,0,0,1,0,0,1,0,0,0,Kelly
Kelly-Image165,0,0,1,0,1,0,0,1,0,0,Kelly
Kelly-Image166,0,0,0,1,0,0,0,0,1,0,Kelly
Kelly-Image167,0,0,0,1,0,0,0,0,0,0,Kelly
Kelly-Image168,0,0,1,1,1,0,0,1,0,0,Kelly
Kelly-Image169,1,0,0,0,0,0,0,1,0,0,Kelly
Kelly-Image170,1,0,0,0,0,0,0,0,1,0,Kelly
Kelly-Image171,0,0,1,0,1,0,1,1,0,0,Kelly
Kelly-Image172,0,0,0,0,1,0,0,1,0,0,Kelly
Kelly-Image173,0,0,0,1,0,0,0,0,0,0,Kelly
Kelly-Image174,0,0,0,1,0,0,0,1,0,0,Kelly
Kelly-Image175,0,0,0,1,0,0,0,0,0,0,Kelly
Kelly-Image176,0,0,0,0,0,0,0,1,0,1,Kelly
Kelly-Image177,0,0,0,0,1,0,0,1,1,1,Alex
Kelly-Image178,0,0,1,0,1,0,0,0,0,0,Kelly
Kelly-Image179,1,0,1,0,0,0,0,1,0,0,Kelly
Kelly-Image180,0,0,0,0,1,0,0,0,0,0,Kelly
Kelly-Image181,0,0,0,0,0,0,0,0,0,0,Kelly
Kelly-Image182,0,0,1,0,1,0,0,1,0,0,Kelly
Kelly-Image183,0,0,0,0,0,0,0,0,0,0,Alex
Kelly-Image184,0,0,0,0,1,0,0,0,0,0,Kelly
Kelly-Image185,0,0,0,1,0,0,0,0,0,0,Kelly
Kelly-Image186,0,0,0,1,0,0,0,0,0,0,Kelly
Kelly-Image187,0,0,1,1,1,0,1,1,0,0,Kelly
Kelly-Image188,0,0,0,0,1,0,0,0,0,0,Kelly
Kelly-Image189,0,0,0,0,0,0,0,0,0,0,Kelly
Kelly-Image190,0,0,0,0,0,0,0,1,0,0,Alex
Kelly-Image191,1,0,0,0,0,0,0,1,0,0,Kelly
Kelly-Image192,0,0,0,0,1,0,1,1,0,0,Kelly
Kelly-Image193,0,0,0,1,0,0,0,0,1,0,Kelly
Kelly-Image194,0,0,0,0,0,0,0,0,1,0,Kelly
Kelly-Image195,0,0,0,0,1,0,1,1,0,0,Kelly
Kelly-Image196,0,0,0,0,0,0,1,0,0,0,Kelly
Kelly-Image197,0,0,0,0,1,0,0,1,0,0,Kelly
Kelly-Image198,0,0,0,0,1,0,0,0,1,0,Alex
Kelly-Image199,0,0,0,1,0,0,0,0,1,0,Kelly
Kelly-Image200,0,0,1,0,1,0,0,1,0,0,Kelly
Kelly-Image201,0,0,0,1,0,0,0,1,0,0,Kelly
Kelly-Image202,0,0,0,0,1,0,0,1,0,0,Kelly
Kelly-Image203,0,0,1,0,1,0,0,1,0,0,Kelly
Kelly-Image204,0,0,0,0,1,0,0,1,0,0,Alex
Kelly-Image205,0,0,0,0,0,0,0,0,0,1,Kelly
Kelly-Image206,0,0,0,1,0,0,1,0,0,0,Alex
Kelly-Image207,1,0,0,0,0,0,1,0,0,0,Kelly
Kelly-Image208,0,0,0,1,0,0,0,1,0,0,Kelly
Kelly-Image209,0,0,1,1,1,0,0,1,0,0,Kelly
Kelly-Image210,0,0,0,1,1,0,0,0,0,0,Alex
Kelly-Image211,0,0,0,0,0,0,0,0,1,1,Kelly
Kelly-Image212,0,0,0,0,1,0,0,1,0,0,Kelly
Kelly-Image213,0,0,0,1,0,0,1,0,0,0,Kelly
Kelly-Image214,0,0,0,0,0,0,0,0,0,0,Kelly
Kelly-Image215,0,0,1,0,1,0,0,1,1,0,Kelly
Kelly-Image216,0,0,0,0,1,0,0,1,1,0,Kelly
Kelly-Image217,1,0,0,0,0,0,0,0,0,0,Alex
Kelly-Image218,0,0,0,1,0,0,0,0,0,0,Kelly
Kelly-Image219,0,0,0,1,0,0,0,0,0,0,Kelly
Kelly-Image220,0,0,0,1,0,0,0,1,0,0,Kelly
Kelly-Image221,0,0,0,0,1,0,1,1,0,0,Kelly
Kelly-Image222,0,0,1,0,1,0,0,1,0,0,Kelly
Kelly-Image223,0,0,0,0,1,0,0,1,1,0,Kelly
Kelly-Image224,0,0,0,0,0,0,0,0,0,0,Kelly
Kelly-Image225,0,0,0,0,1,0,0,1,0,0,Kelly
Kelly-Image226,0,0,0,0,1,0,0,1,0,0,Kelly
Kelly-Image227,0,0,1,0,0,0,1,0,0,0,Kelly
Kelly-Image228,1,0,0,0,0,0,0,0,1,0,Kelly
Kelly-Image229,0,0,0,1,0,0,1,0,0,0,Kelly
